Player,Squad,Pos,Att,Cmp,Cmp_pct,Group
Aissa Mandi,ALG,DF,382,355,93,Non-finalist
Fares Chaibi,ALG,MF,244,220,90,Non-finalist
Hicham Boudaoui,ALG,MF,86,83,97,Non-finalist
Houssem Aouar,ALG,MF,84,79,94,Non-finalist
Ibrahim Maza,ALG,MF,141,111,79,Non-finalist
Luca Zidane,ALG,GK,104,92,88,Non-finalist
Nabil Bentaleb,ALG,MF,280,255,91,Non-finalist
Rafik Belghali,ALG,DF,183,168,92,Non-finalist
Ramiz Zerrouki,ALG,MF,105,97,92,Non-finalist
Ramy Bensebaini,ALG,DF,385,358,93,Non-finalist
Rayan Ait Nouri,ALG,DF,211,190,90,Non-finalist
Riyad Mahrez,ALG,FW,147,126,86,Non-finalist
Aiden Oneill,AUS,MF,172,143,83,Non-finalist
Alessandro Circati,AUS,DF,221,177,80,Non-finalist
Harry Souttar,AUS,DF,199,171,86,Non-finalist
Jackson Irvine,AUS,MF,124,103,83,Non-finalist
Jordan Bos,AUS,DF,107,94,88,Non-finalist
Lucas Herrington,AUS,DF,106,101,95,Non-finalist
Patrick Beach,AUS,GK,122,79,65,Non-finalist
Paul Okon Engstler,AUS,MF,89,77,87,Non-finalist
Alexander Schlager,AUT,GK,123,106,86,Non-finalist
David Alaba,AUT,DF,222,198,89,Non-finalist
Kevin Danso,AUT,DF,164,148,90,Non-finalist
Konrad Laimer,AUT,MF,150,130,87,Non-finalist
Marcel Sabitzer,AUT,MF,126,94,75,Non-finalist
Nicolas Seiwald,AUT,MF,153,141,92,Non-finalist
Philipp Lienhart,AUT,DF,140,127,91,Non-finalist
Romano Schmid,AUT,MF,91,65,71,Non-finalist
Stefan Posch,AUT,DF,132,98,74,Non-finalist
Xaver Schlager,AUT,MF,138,130,94,Non-finalist
Arthur Theate,BEL,DF,164,153,93,Non-finalist
Brandon Mechele,BEL,DF,399,367,92,Non-finalist
Charles De Ketelaere,BEL,FW,91,72,79,Non-finalist
Hans Vanaken,BEL,MF,164,153,93,Non-finalist
Jeremy Doku,BEL,FW,90,74,82,Non-finalist
Kevin De Bruyne,BEL,MF,185,154,83,Non-finalist
Leandro Trossard,BEL,FW,199,171,86,Non-finalist
Maxim De Cuyper,BEL,DF,246,204,83,Non-finalist
Nathan Ngoy,BEL,DF,219,206,94,Non-finalist
Nicolas Raskin,BEL,MF,230,198,86,Non-finalist
Thibaut Courtois,BEL,GK,198,145,73,Non-finalist
Thomas Meunier,BEL,DF,116,97,84,Non-finalist
Timothy Castagne,BEL,DF,263,229,87,Non-finalist
Youri Tielemans,BEL,MF,255,222,87,Non-finalist
Amar Dedic,BIH,DF,99,80,81,Non-finalist
Benjamin Tahirovic,BIH,MF,107,91,85,Non-finalist
Ivan Basic,BIH,MF,104,96,92,Non-finalist
Ivan Sunjic,BIH,MF,102,88,86,Non-finalist
Kerim Alajbegovic,BIH,FW,90,69,77,Non-finalist
Nikola Katic,BIH,DF,165,148,90,Non-finalist
Nikola Vasilj,BIH,GK,155,95,61,Non-finalist
Sead Kolasinac,BIH,DF,173,142,82,Non-finalist
Stjepan Radeljic,BIH,DF,153,138,90,Non-finalist
Tarik Muharemovic,BIH,DF,153,132,86,Non-finalist
Alisson,BRA,GK,132,107,81,Non-finalist
Bruno Guimaraes,BRA,MF,200,162,81,Non-finalist
Casemiro,BRA,MF,224,199,89,Non-finalist
Danilo,BRA,DF,294,262,89,Non-finalist
Douglas Santos,BRA,DF,275,256,93,Non-finalist
Gabriel Magalhaes,BRA,DF,431,414,96,Non-finalist
Lucas Paqueta,BRA,MF,190,162,85,Non-finalist
Marquinhos,BRA,DF,380,369,97,Non-finalist
Matheus Cunha,BRA,FW,90,78,87,Non-finalist
Rayan,BRA,FW,99,93,94,Non-finalist
Vinicius Junior,BRA,FW,142,116,82,Non-finalist
Alistair Johnston,CAN,DF,240,185,77,Non-finalist
Derek Cornelius,CAN,DF,170,151,89,Non-finalist
Ismael Kone,CAN,MF,108,93,86,Non-finalist
Jonathan David,CAN,FW,103,76,74,Non-finalist
Luc De Fougerolles,CAN,DF,191,170,89,Non-finalist
Maxime Crepeau,CAN,GK,123,92,75,Non-finalist
Moise Bombito,CAN,DF,111,95,86,Non-finalist
Nathan Saliba,CAN,MF,93,79,85,Non-finalist
Richie Laryea,CAN,DF,202,168,83,Non-finalist
Stephen Eustaquio,CAN,MF,281,244,87,Non-finalist
Tajon Buchanan,CAN,FW,95,76,80,Non-finalist
Christ Inao Oulai,CIV,MF,125,115,92,Non-finalist
Emmanuel Agbadou,CIV,DF,154,142,92,Non-finalist
Franck Kessie,CIV,MF,188,165,88,Non-finalist
Ghislain Konan,CIV,DF,149,124,83,Non-finalist
Guela Doue,CIV,DF,163,143,88,Non-finalist
Ibrahim Sangare,CIV,MF,190,173,91,Non-finalist
Nicolas Pepe,CIV,FW,109,93,85,Non-finalist
Odilon Kossounou,CIV,DF,149,142,95,Non-finalist
Wilfried Singo,CIV,DF,92,79,86,Non-finalist
Yahia Fofana,CIV,GK,114,74,65,Non-finalist
Yan Diomande,CIV,FW,142,126,89,Non-finalist
Aaron Wan Bissaka,COD,DF,137,110,80,Non-finalist
Arthur Masuaku,COD,DF,169,140,83,Non-finalist
Axel Tuanzebe,COD,DF,155,140,90,Non-finalist
Chancel Mbemba,COD,DF,162,130,80,Non-finalist
Lionel Mpasi,COD,GK,139,95,68,Non-finalist
Noah Sadiki,COD,MF,116,103,89,Non-finalist
Samuel Moutoussamy,COD,MF,147,122,83,Non-finalist
Camilo Vargas,COL,GK,202,158,78,Non-finalist
Daniel Munoz,COL,DF,213,194,91,Non-finalist
Davinson Sanchez,COL,DF,361,325,90,Non-finalist
Gustavo Puerta,COL,DF,290,264,91,Non-finalist
James Rodriguez,COL,MF,237,199,84,Non-finalist
Jefferson Lerma,COL,MF,274,241,88,Non-finalist
Jhon Arias,COL,MF,240,228,95,Non-finalist
Jhon Lucumi,COL,DF,285,262,92,Non-finalist
Johan Mojica,COL,DF,202,162,80,Non-finalist
Juan Quintero,COL,MF,89,74,83,Non-finalist
Luis Diaz,COL,FW,166,144,87,Non-finalist
Deroy Duarte,CPV,MF,101,87,86,Non-finalist
Diney Borges,CPV,DF,195,158,81,Non-finalist
Jamiro Monteiro,CPV,MF,106,87,82,Non-finalist
Kevin Pina,CPV,MF,156,134,86,Non-finalist
Pico Lopes,CPV,DF,182,153,84,Non-finalist
Sidny Lopes Cabral,CPV,DF,105,87,83,Non-finalist
Steven Moreira,CPV,DF,109,88,81,Non-finalist
Vozinha,CPV,GK,166,116,70,Non-finalist
Dominik Livakovic,CRO,GK,129,95,74,Non-finalist
Ivan Perisic,CRO,FW,150,132,88,Non-finalist
Josip Stanisic,CRO,DF,162,139,86,Non-finalist
Josip Sutalo,CRO,DF,267,240,90,Non-finalist
Josko Gvardiol,CRO,DF,89,77,87,Non-finalist
Luka Modric,CRO,MF,248,226,91,Non-finalist
Marin Pongracic,CRO,DF,200,182,91,Non-finalist
Martin Baturina,CRO,MF,93,80,86,Non-finalist
Mateo Kovacic,CRO,MF,208,198,95,Non-finalist
Petar Sucic,CRO,MF,127,110,87,Non-finalist
Armando Obispo,CUW,DF,97,87,90,Non-finalist
Eloy Room,CUW,GK,89,48,54,Non-finalist
Leandro Bacuna,CUW,MF,125,108,86,Non-finalist
Sherel Floranus,CUW,DF,112,95,85,Non-finalist
Ladislav Krejci,CZE,DF,160,134,84,Non-finalist
Matej Kovar,CZE,GK,97,62,64,Non-finalist
Michal Sadilek,CZE,MF,84,69,82,Non-finalist
Robin Hranac,CZE,DF,116,104,90,Non-finalist
Vladimir Coufal,CZE,DF,110,79,72,Non-finalist
Alan Franco,ECU,MF,148,141,95,Non-finalist
Gonzalo Plata,ECU,FW,147,118,80,Non-finalist
Hernan Galindez,ECU,GK,105,70,67,Non-finalist
Joel Ordonez,ECU,DF,113,101,89,Non-finalist
John Yeboah,ECU,FW,104,85,82,Non-finalist
Moises Caicedo,ECU,MF,295,263,89,Non-finalist
Pedro Vite,ECU,MF,297,270,91,Non-finalist
Piero Hincapie,ECU,DF,189,161,85,Non-finalist
Willian Pacho,ECU,DF,238,217,91,Non-finalist
Ahmed Fatouh,EGY,DF,182,164,90,Non-finalist
Emam Ashour,EGY,MF,207,176,85,Non-finalist
Hamdy Fathy,EGY,MF,130,120,92,Non-finalist
Karim Hafez,EGY,DF,113,99,88,Non-finalist
Marawan Attia,EGY,MF,357,314,88,Non-finalist
Mohamed Hany,EGY,DF,282,245,87,Non-finalist
Mohamed Salah,EGY,FW,136,112,82,Non-finalist
Mohanad Lashin,EGY,MF,191,168,88,Non-finalist
Mostafa Shoubir,EGY,GK,147,115,78,Non-finalist
Ramy Rabia,EGY,DF,244,224,92,Non-finalist
Yasser Ibrahim,EGY,DF,260,239,92,Non-finalist
Anthony Gordon,ENG,FW,113,96,85,Non-finalist
Bukayo Saka,ENG,FW,101,81,80,Non-finalist
Declan Rice,ENG,MF,340,313,92,Non-finalist
Djed Spence,ENG,DF,201,177,88,Non-finalist
Eberechi Eze,ENG,MF,97,89,92,Non-finalist
Elliot Anderson,ENG,MF,445,396,89,Non-finalist
Ezri Konsa,ENG,DF,488,468,96,Non-finalist
Harry Kane,ENG,FW,99,73,74,Non-finalist
Jarell Quansah,ENG,DF,106,92,87,Non-finalist
John Stones,ENG,DF,184,178,97,Non-finalist
Jordan Pickford,ENG,GK,265,191,72,Non-finalist
Jude Bellingham,ENG,MF,231,192,83,Non-finalist
Marc Guehi,ENG,DF,532,516,97,Non-finalist
Marcus Rashford,ENG,FW,104,92,88,Non-finalist
Morgan Rogers,ENG,MF,121,102,84,Non-finalist
Nico Oreilly,ENG,DF,216,201,93,Non-finalist
Noni Madueke,ENG,FW,94,82,87,Non-finalist
Reece James,ENG,DF,188,173,92,Non-finalist
Adrien Rabiot,FRA,MF,351,323,92,Non-finalist
Aurelien Tchouameni,FRA,MF,254,239,94,Non-finalist
Bradley Barcola,FRA,FW,117,106,91,Non-finalist
Dayot Upamecano,FRA,DF,443,408,92,Non-finalist
Desire Doue,FRA,FW,196,167,85,Non-finalist
Jules Kounde,FRA,DF,353,314,89,Non-finalist
Kylian Mbappe,FRA,FW,232,202,87,Non-finalist
Lucas Digne,FRA,DF,283,252,89,Non-finalist
Manu Kone,FRA,MF,263,242,92,Non-finalist
Maxence Lacroix,FRA,DF,130,125,96,Non-finalist
Michael Olise,FRA,FW,417,363,87,Non-finalist
Mike Maignan,FRA,GK,225,180,80,Non-finalist
Ousmane Dembele,FRA,FW,297,235,79,Non-finalist
Rayan Cherki,FRA,MF,104,89,86,Non-finalist
Theo Hernandez,FRA,DF,149,139,93,Non-finalist
William Saliba,FRA,DF,315,306,97,Non-finalist
Aleksandar Pavlovic,GER,MF,260,239,92,Non-finalist
Antonio Ruediger,GER,DF,246,229,93,Non-finalist
Felix Nmecha,GER,MF,131,121,92,Non-finalist
Florian Wirtz,GER,MF,271,222,82,Non-finalist
Jamal Musiala,GER,MF,104,86,83,Non-finalist
Jonathan Tah,GER,DF,375,364,97,Non-finalist
Joshua Kimmich,GER,DF,368,335,91,Non-finalist
Kai Havertz,GER,FW,117,101,86,Non-finalist
Leroy Sane,GER,MF,189,161,85,Non-finalist
Manuel Neuer,GER,GK,129,117,91,Non-finalist
Nathaniel Brown,GER,DF,131,115,88,Non-finalist
Nico Schlotterbeck,GER,DF,123,109,89,Non-finalist
Derrick Luckassen,GHA,DF,125,109,87,Non-finalist
Gideon Mensah,GHA,DF,182,157,86,Non-finalist
Jerome Opoku,GHA,DF,115,95,83,Non-finalist
Jonas Adjetey,GHA,DF,120,106,88,Non-finalist
Kwasi Sibo,GHA,MF,93,88,95,Non-finalist
Marvin Senaya,GHA,DF,91,75,82,Non-finalist
Thomas Partey,GHA,MF,152,134,88,Non-finalist
Danley Jean Jacques,HAI,MF,116,102,88,Non-finalist
Hannes Delcroix,HAI,DF,151,146,97,Non-finalist
Jean Ricner Bellegarde,HAI,MF,130,112,86,Non-finalist
Johny Placide,HAI,GK,105,67,64,Non-finalist
Martin Experience,HAI,DF,111,93,84,Non-finalist
Ricardo Ade,HAI,DF,136,121,89,Non-finalist
Ali Nemati,IRN,DF,129,114,88,Non-finalist
Alireza Beiranvand,IRN,GK,93,62,67,Non-finalist
Ramin Rezaeian,IRN,DF,98,68,69,Non-finalist
Saeid Ezatolahi,IRN,MF,99,78,79,Non-finalist
Shoja Khalilzadeh,IRN,DF,141,118,84,Non-finalist
Akam Hashim,IRQ,DF,148,126,85,Non-finalist
Amir Alammari,IRQ,MF,125,99,79,Non-finalist
Merchas Doski,IRQ,DF,141,116,82,Non-finalist
Zidane Iqbal,IRQ,MF,128,118,92,Non-finalist
Abdallah Nasib,JOR,DF,97,70,72,Non-finalist
Mohannad Abutaha,JOR,MF,87,59,68,Non-finalist
Noor Alrawabdeh,JOR,MF,111,84,76,Non-finalist
Yazan Alarab,JOR,DF,106,94,89,Non-finalist
Ao Tanaka,JPN,MF,160,146,91,Non-finalist
Daichi Kamada,JPN,MF,200,170,85,Non-finalist
Hiroki Ito,JPN,DF,199,177,89,Non-finalist
Junya Ito,JPN,MF,85,65,76,Non-finalist
Kaishu Sano,JPN,MF,131,124,95,Non-finalist
Keito Nakamura,JPN,MF,117,99,85,Non-finalist
Kou Itakura,JPN,DF,110,107,97,Non-finalist
Ritsu Doan,JPN,MF,105,89,85,Non-finalist
Shogo Taniguchi,JPN,DF,127,122,96,Non-finalist
Takehiro Tomiyasu,JPN,DF,127,109,86,Non-finalist
Zion Suzuki,JPN,GK,109,76,70,Non-finalist
Hwang Inbeom,KOR,MF,218,194,89,Non-finalist
Kim Minjae,KOR,DF,226,221,98,Non-finalist
Kim Seunggyu,KOR,GK,116,85,73,Non-finalist
Lee Gihyuk,KOR,MF,236,217,92,Non-finalist
Lee Hanbeom,KOR,DF,200,184,92,Non-finalist
Lee Kangin,KOR,MF,159,140,88,Non-finalist
Paik Seungho,KOR,MF,152,135,89,Non-finalist
Seol Youngwoo,KOR,DF,123,113,92,Non-finalist
Abdulelah Alamri,KSA,DF,99,81,82,Non-finalist
Hassan Altambakti,KSA,DF,87,71,82,Non-finalist
Mohamed Kanno,KSA,MF,104,97,93,Non-finalist
Mohammed Alowais,KSA,GK,93,53,57,Non-finalist
Nasser Aldawsari,KSA,MF,107,92,86,Non-finalist
Saud Abdulhamid,KSA,DF,113,88,78,Non-finalist
Achraf Hakimi,MAR,DF,449,404,90,Non-finalist
Anass Salah Eddine,MAR,DF,166,153,92,Non-finalist
Ayyoub Bouaddi,MAR,MF,264,238,90,Non-finalist
Azzedine Ounahi,MAR,MF,315,280,89,Non-finalist
Bilal El Khannouss,MAR,MF,238,186,78,Non-finalist
Brahim Diaz,MAR,FW,165,142,86,Non-finalist
Chadi Riad,MAR,DF,226,212,94,Non-finalist
Ismael Saibari,MAR,MF,95,80,84,Non-finalist
Issa Diop,MAR,DF,326,300,92,Non-finalist
Neil El Aynaoui,MAR,MF,433,407,94,Non-finalist
Noussair Mazraoui,MAR,DF,275,250,91,Non-finalist
Redouane Halhal,MAR,DF,119,113,95,Non-finalist
Samir El Mourabet,MAR,MF,110,100,91,Non-finalist
Sofyan Amrabat,MAR,MF,106,98,92,Non-finalist
Yassine Bounou,MAR,GK,211,141,67,Non-finalist
Cesar Montes,MEX,DF,170,156,92,Non-finalist
Edson Alvarez,MEX,DF,153,138,90,Non-finalist
Erik Lira,MEX,MF,199,181,91,Non-finalist
Gilberto Mora,MEX,MF,87,79,91,Non-finalist
Israel Reyes,MEX,DF,102,93,91,Non-finalist
Jesus Gallardo,MEX,DF,167,140,84,Non-finalist
Johan Vasquez,MEX,DF,237,220,93,Non-finalist
Jorge Sanchez,MEX,DF,131,121,92,Non-finalist
Julian Quinones,MEX,FW,135,111,82,Non-finalist
Luis Romo,MEX,MF,106,93,88,Non-finalist
Raul Rangel,MEX,GK,155,119,77,Non-finalist
Roberto Alvarado,MEX,FW,201,163,81,Non-finalist
Bart Verbruggen,NED,GK,123,89,72,Non-finalist
Cody Gakpo,NED,FW,100,79,79,Non-finalist
Denzel Dumfries,NED,DF,179,147,82,Non-finalist
Frenkie De Jong,NED,MF,243,224,92,Non-finalist
Jan Paul Van Hecke,NED,DF,360,335,93,Non-finalist
Micky Van De Ven,NED,DF,117,105,90,Non-finalist
Nathan Ake,NED,DF,123,112,91,Non-finalist
Ryan Gravenberch,NED,MF,126,111,88,Non-finalist
Virgil Van Dijk,NED,DF,347,330,95,Non-finalist
Alexander Sorloth,NOR,FW,110,88,80,Non-finalist
Andreas Schjelderup,NOR,MF,104,89,86,Non-finalist
Antonio Nusa,NOR,FW,83,62,75,Non-finalist
David Moller Wolfe,NOR,DF,186,162,87,Non-finalist
Fredrik Aursnes,NOR,MF,178,158,89,Non-finalist
Julian Ryerson,NOR,FW,149,131,88,Non-finalist
Kristoffer Ajer,NOR,DF,273,257,94,Non-finalist
Leo Ostigard,NOR,DF,99,84,85,Non-finalist
Marcus Holmgren Pedersen,NOR,DF,107,87,81,Non-finalist
Martin Odegaard,NOR,MF,367,323,88,Non-finalist
Orjan Nyland,NOR,GK,204,139,68,Non-finalist
Oscar Bobb,NOR,MF,111,102,92,Non-finalist
Patrick Berg,NOR,MF,174,162,93,Non-finalist
Sander Berge,NOR,MF,425,412,97,Non-finalist
Torbjorn Heggem,NOR,DF,301,283,94,Non-finalist
Callum Mccowatt,NZL,MF,93,78,84,Non-finalist
Elijah Just,NZL,MF,99,85,86,Non-finalist
Finn Surman,NZL,DF,145,135,93,Non-finalist
Joe Bell,NZL,MF,143,120,84,Non-finalist
Liberato Cacace,NZL,DF,88,75,85,Non-finalist
Marko Stamenic,NZL,MF,171,156,91,Non-finalist
Max Crocombe,NZL,GK,107,78,73,Non-finalist
Michael Boxall,NZL,DF,115,104,90,Non-finalist
Tim Payne,NZL,DF,87,72,83,Non-finalist
Amir Murillo,PAN,DF,112,88,79,Non-finalist
Andres Andrade,PAN,DF,178,148,83,Non-finalist
Carlos Harvey,PAN,DF,107,85,79,Non-finalist
Edgar Yoel Barcenas,PAN,MF,109,96,88,Non-finalist
Jiovany Ramos,PAN,DF,121,108,89,Non-finalist
Jose Cordoba,PAN,DF,183,168,92,Non-finalist
Orlando Mosquera,PAN,GK,103,74,72,Non-finalist
Andres Cubas,PAR,MF,117,97,83,Non-finalist
Diego Gomez,PAR,MF,101,80,79,Non-finalist
Gustavo Gomez,PAR,DF,91,80,88,Non-finalist
Juan Jose Caceres,PAR,DF,129,80,62,Non-finalist
Junior Alonso,PAR,DF,116,68,59,Non-finalist
Matias Galarza,PAR,MF,113,82,73,Non-finalist
Omar Alderete,PAR,DF,97,70,72,Non-finalist
Orlando Gill,PAR,GK,159,68,43,Non-finalist
Bruno Fernandes,POR,MF,278,239,86,Non-finalist
Cristiano Ronaldo,POR,FW,99,86,87,Non-finalist
Diogo Costa,POR,GK,125,98,78,Non-finalist
Joao Cancelo,POR,DF,184,160,87,Non-finalist
Joao Neves,POR,MF,261,248,95,Non-finalist
Nelson Semedo,POR,DF,91,84,92,Non-finalist
Nuno Mendes,POR,DF,282,240,85,Non-finalist
Pedro Neto,POR,FW,155,136,88,Non-finalist
Renato Veiga,POR,DF,336,319,95,Non-finalist
Ruben Dias,POR,DF,249,234,94,Non-finalist
Tomas Araujo,POR,DF,102,98,96,Non-finalist
Vitinha,POR,MF,403,379,94,Non-finalist
Akram Afif,QAT,FW,93,73,78,Non-finalist
Boualem Khoukhi,QAT,DF,117,94,80,Non-finalist
Issa Laye,QAT,DF,90,85,94,Non-finalist
Mahmoud Abunada,QAT,GK,93,50,54,Non-finalist
Aubrey Modiba,RSA,DF,139,115,83,Non-finalist
Ime Okon,RSA,DF,280,258,92,Non-finalist
Khuliso Mudau,RSA,DF,187,168,90,Non-finalist
Mbekezeli Mbokazi,RSA,DF,213,185,87,Non-finalist
Oswin Appollis,RSA,FW,99,82,83,Non-finalist
Ronwen Williams,RSA,GK,237,180,76,Non-finalist
Sphephelo Sithole,RSA,MF,129,108,84,Non-finalist
Teboho Mokoena,RSA,MF,196,176,90,Non-finalist
Thalente Mbatha,RSA,MF,97,82,85,Non-finalist
Andy Robertson,SCO,DF,153,124,81,Non-finalist
Angus Gunn,SCO,GK,119,90,76,Non-finalist
Grant Hanley,SCO,DF,101,94,93,Non-finalist
Jack Hendry,SCO,DF,180,171,95,Non-finalist
Lewis Ferguson,SCO,MF,201,185,92,Non-finalist
Nathan Patterson,SCO,DF,109,94,86,Non-finalist
Scott Mctominay,SCO,MF,96,87,91,Non-finalist
El Hadji Malick Diouf,SEN,DF,89,74,83,Non-finalist
Idrissa Gana Gueye,SEN,MF,270,243,90,Non-finalist
Ismail Jakobs,SEN,DF,117,106,91,Non-finalist
Krepin Diatta,SEN,DF,283,255,90,Non-finalist
Lamine Camara,SEN,MF,131,117,89,Non-finalist
Mory Diaw,SEN,GK,95,64,67,Non-finalist
Moussa Niakhate,SEN,DF,290,270,93,Non-finalist
Pape Gueye,SEN,MF,161,138,86,Non-finalist
Pathe Ciss,SEN,MF,139,128,92,Non-finalist
Sadio Mane,SEN,FW,129,106,82,Non-finalist
Dan Ndoye,SUI,FW,92,73,79,Non-finalist
Denis Zakaria,SUI,MF,185,159,86,Non-finalist
Djibril Sow,SUI,MF,97,83,86,Non-finalist
Fabian Rieder,SUI,MF,87,71,82,Non-finalist
Granit Xhaka,SUI,MF,470,428,91,Non-finalist
Gregor Kobel,SUI,GK,255,191,75,Non-finalist
Manuel Akanji,SUI,DF,479,445,93,Non-finalist
Nico Elvedi,SUI,DF,438,407,93,Non-finalist
Remo Freuler,SUI,MF,324,298,92,Non-finalist
Ricardo Rodriguez,SUI,DF,295,242,82,Non-finalist
Ruben Vargas,SUI,FW,88,65,74,Non-finalist
Gabriel Gudmundsson,SWE,DF,147,112,76,Non-finalist
Gustaf Lagerbielke,SWE,DF,206,173,84,Non-finalist
Isak Hien,SWE,DF,128,122,95,Non-finalist
Lucas Bergvall,SWE,MF,88,80,91,Non-finalist
Victor Lindelof,SWE,DF,200,190,95,Non-finalist
Yasin Ayari,SWE,MF,107,85,79,Non-finalist
Ellyes Skhiri,TUN,MF,109,99,91,Non-finalist
Hannibal Mejbri,TUN,MF,123,93,76,Non-finalist
Mohamed Amine Ben Hmida,TUN,DF,98,81,83,Non-finalist
Montassar Talbi,TUN,DF,113,107,95,Non-finalist
Omar Rekik,TUN,DF,93,77,83,Non-finalist
Abdulkerim Bardakci,TUR,DF,242,223,92,Non-finalist
Arda Guler,TUR,FW,198,170,86,Non-finalist
Ferdi Kadioglu,TUR,DF,175,161,92,Non-finalist
Hakan Calhanoglu,TUR,MF,190,171,90,Non-finalist
Ismail Yuksek,TUR,MF,111,104,94,Non-finalist
Kenan Yildiz,TUR,FW,121,108,89,Non-finalist
Merih Demiral,TUR,DF,124,119,96,Non-finalist
Orkun Kokcu,TUR,MF,85,60,71,Non-finalist
Ugurcan Cakir,TUR,GK,98,77,79,Non-finalist
Federico Valverde,URU,MF,120,98,82,Non-finalist
Guillermo Varela,URU,DF,134,119,89,Non-finalist
Juan Manuel Sanabria,URU,MF,103,89,86,Non-finalist
Manuel Ugarte,URU,MF,136,118,87,Non-finalist
Mathias Olivera,URU,DF,226,212,94,Non-finalist
Rodrigo Bentancur,URU,MF,174,157,90,Non-finalist
Sebastian Caceres,URU,DF,172,155,90,Non-finalist
Alex Freeman,USA,DF,283,255,90,Non-finalist
Antonee Robinson,USA,DF,221,181,82,Non-finalist
Chris Richards,USA,DF,291,276,95,Non-finalist
Giovanni Reyna,USA,MF,94,79,84,Non-finalist
Malik Tillman,USA,MF,163,129,79,Non-finalist
Matt Freese,USA,GK,95,63,66,Non-finalist
Sebastian Berhalter,USA,MF,136,114,84,Non-finalist
Sergino Dest,USA,DF,102,89,87,Non-finalist
Tim Ream,USA,DF,298,280,94,Non-finalist
Tyler Adams,USA,MF,231,210,91,Non-finalist
Weston Mckennie,USA,MF,220,174,79,Non-finalist
Abdukodir Khusanov,UZB,DF,98,81,83,Non-finalist
Otabek Shukurov,UZB,MF,117,103,88,Non-finalist
Rustam Ashurmatov,UZB,DF,123,101,82,Non-finalist
