Rk,Player,Pos,Squad,Age,Born,Nineties,CrdY,CrdR,2CrdY,FoulsPer90,Fld,Off,Crs,Int,TklW,OG,Matches,-9999,Position
446,Ismail Jakobs,DF,Senegal,26,1999,2.4,0.0,0.0,0.0,0.83,0.0,0.0,7.5,0.83,0.83,0.0,Matches,a0415710,DF
779,Ramin Rezaeian,DFMF,IR Iran,36,1990,3.0,0.0,0.0,0.0,0.67,1.0,0.33,6.0,0.67,1.67,0.0,Matches,c0ae3446,DF
82,Santiago Arias,DF,Colombia,34,1992,1.0,0.0,0.0,0.0,1.0,0.0,0.0,2.0,1.0,2.0,0.0,Matches,fdd60087,DF
502,Odilon Kossounou,DF,Côte d'Ivoire,25,2001,3.0,0.0,0.0,0.0,0.0,0.33,0.0,0.0,1.0,1.0,0.0,Matches,1f3afdcb,DF
458,Alistair Johnston,DF,Canada,27,1998,5.0,0.2,0.0,0.0,1.0,0.8,0.0,3.8,1.2,0.4,0.0,Matches,4fb17e20,DF
600,Brandon Mechele,DF,Belgium,33,1993,6.3,0.16,0.0,0.0,1.43,0.32,0.0,0.0,0.63,0.63,0.0,Matches,0a6dbbf7,DF
855,Marcos Senesi,DF,Argentina,29,1997,1.2,0.0,0.0,0.0,0.0,2.5,0.0,0.0,1.67,0.0,0.0,Matches,35141f4c,DF
513,Gustaf Lagerbielke,DF,Sweden,26,2000,4.0,0.0,0.0,0.0,0.25,0.75,0.25,0.25,1.25,1.25,0.0,Matches,9e39fa2d,DF
141,Moïse Bombito,DF,Canada,26,2000,2.1,0.0,0.0,0.0,0.95,0.0,0.0,0.0,0.48,0.0,0.0,Matches,c2f23fc8,DF
270,Guéla Doué,DF,Côte d'Ivoire,23,2002,3.1,0.32,0.0,0.0,1.94,1.61,0.0,3.87,0.97,1.61,0.0,Matches,b4ef3fb5,DF
490,Abdukodir Khusanov,DF,Uzbekistan,22,2004,3.0,0.67,0.0,0.0,2.0,0.0,0.0,0.0,1.67,1.0,0.0,Matches,d17ce930,DF
339,Lee Gi-hyuk,DF,Korea Republic,25,2000,3.0,0.33,0.0,0.0,0.67,0.33,0.0,0.67,1.67,1.33,0.0,Matches,18c8c3c7,DF
318,Alex Freeman,DF,USA,21,2004,4.2,0.0,0.0,0.0,0.24,0.24,0.0,0.95,1.67,1.43,0.0,Matches,754f150b,DF
681,Nico O'Reilly,DF,England,21,2005,5.1,0.2,0.0,0.0,1.18,0.78,0.0,0.78,0.98,0.59,0.0,Matches,91ca4a16,DF
92,Oğuz Aydın,DF,Türkiye,25,2000,1.0,0.0,0.0,0.0,0.0,2.0,0.0,3.0,0.0,6.0,0.0,Matches,a7b98226,DF
273,Denzel Dumfries,DFMF,Netherlands,30,1996,4.3,0.0,0.0,0.0,1.4,0.7,0.23,3.72,0.23,1.4,0.0,Matches,481c9ece,DF
655,Abdallah Nasib,DF,Jordan,32,1994,2.9,0.0,0.0,0.0,0.34,0.34,0.0,0.0,2.41,1.03,0.0,Matches,aaab3072,DF
656,Sherzod Nasrullaev,DFMF,Uzbekistan,27,1998,2.0,0.5,0.0,0.0,1.5,1.0,0.0,1.5,1.0,1.0,0.0,Matches,aeb0c7f7,DF
267,Merchas Doski,DF,Iraq,26,1999,3.0,0.33,0.0,0.0,1.0,2.67,0.0,1.33,2.0,3.0,0.0,Matches,fdf4cfe5,DF
438,Ko Itakura,DF,Japan,29,1997,1.4,0.0,0.0,0.0,0.71,0.0,0.0,0.0,0.71,0.0,0.0,Matches,97d545ae,DF
377,Jaouen Hadjam,DF,Algeria,23,2003,1.2,0.0,0.0,0.0,0.0,0.0,0.0,0.83,0.83,0.83,0.0,Matches,576817b7,DF
30,Rayan Aït-Nouri,DF,Algeria,25,2001,3.2,0.0,0.0,0.0,1.88,1.25,0.0,2.5,1.56,4.06,0.0,Matches,9b398aea,DF
382,Achraf Hakimi,DF,Morocco,27,1998,6.3,0.16,0.0,0.0,1.11,2.54,0.0,5.56,0.79,1.59,0.0,Matches,e42d61c7,DF
718,João Paulo Fernandes,DF,Cabo Verde,28,1998,1.2,0.0,0.0,0.0,0.0,3.33,0.0,4.17,5.0,0.83,0.0,Matches,afcac9da,DF
415,Piero Hincapié,DF,Ecuador,24,2002,3.8,0.26,0.26,0.0,1.32,1.05,0.0,3.68,1.05,1.32,0.0,Matches,0c7a48f8,DF
180,Timothy Castagne,DF,Belgium,30,1995,5.3,0.19,0.0,0.0,1.32,0.38,0.0,3.77,1.51,1.32,0.0,Matches,197640fd,DF
785,Ró-Ró,DF,Qatar,35,1990,3.0,0.0,0.0,0.0,0.33,2.33,0.0,0.67,1.0,1.33,0.0,Matches,8735fe66,DF
202,Pathé Ciss,DF,Senegal,32,1994,2.0,0.0,0.0,0.0,0.5,0.0,0.0,0.0,0.0,0.0,0.0,Matches,9a0408b6,DF
740,Marin Pongračić,DF,Croatia,28,1997,3.0,0.0,0.0,0.0,1.0,0.0,0.0,0.0,0.0,1.0,0.0,Matches,2a6cd437,DF
485,Shoja' Khalilzadeh,DF,IR Iran,37,1989,3.0,0.33,0.0,0.0,1.33,0.0,0.33,0.0,1.0,1.0,0.0,Matches,0aed29f1,DF
201,Alessandro Circati,DF,Australia,22,2003,4.3,0.23,0.0,0.0,1.16,0.93,0.0,0.47,0.47,1.63,0.0,Matches,1223765c,DF
537,Sidny Lopes Cabral,DF,Cabo Verde,23,2002,3.2,0.63,0.0,0.0,0.63,2.81,0.0,3.75,1.25,0.63,0.0,Matches,20700569,DF
23,Jonas Adjetey,DF,Ghana,22,2003,2.5,0.0,0.0,0.0,0.4,0.0,0.0,0.0,0.4,1.2,0.0,Matches,bdbf78cd,DF
894,John Stones,DF,England,32,1994,3.7,0.0,0.0,0.0,0.27,0.27,0.0,0.27,0.0,0.0,0.0,Matches,5eecec3d,DF
590,Chancel Mbemba,DF,Congo DR,31,1994,4.0,0.25,0.0,0.0,0.25,0.75,0.0,1.0,0.25,0.75,0.0,Matches,e76cb9cc,DF
368,Malo Gusto,DF,France,23,2003,1.3,0.0,0.0,0.0,3.08,1.54,0.0,1.54,1.54,2.31,0.0,Matches,d56b9520,DF
466,Ozan Kabak,DF,Türkiye,26,2000,1.0,0.0,0.0,0.0,3.0,0.0,0.0,1.0,0.0,2.0,0.0,Matches,2d61d13a,DF
108,Abdülkerim Bardakcı,DF,Türkiye,31,1994,2.9,0.0,0.0,0.0,0.34,1.03,0.0,2.41,0.69,1.72,0.0,Matches,5d9cff53,DF
763,Jiovany Ramos,DF,Panama,29,1997,1.8,0.0,0.0,0.0,1.11,0.56,0.0,0.0,1.67,0.56,0.0,Matches,30cda59f,DF
491,Joshua Kimmich,DF,Germany,31,1995,3.9,0.0,0.0,0.0,0.0,1.79,0.0,7.95,1.03,1.03,0.0,Matches,49296448,DF
67,Andrés Andrade Cedeño,DF,Panama,27,1998,3.0,0.33,0.0,0.0,1.33,0.0,0.0,2.67,1.0,1.0,0.0,Matches,6ea23758,DF
389,Grant Hanley,DF,Scotland,34,1991,2.0,0.0,0.0,0.0,0.5,0.0,0.5,0.0,0.5,1.0,0.0,Matches,e9254eec,DF
617,Kim Min-jae,DF,Korea Republic,29,1996,2.7,0.0,0.0,0.0,0.74,0.37,0.0,0.0,0.74,0.74,0.0,Matches,e0f8151c,DF
888,Djed Spence,DF,England,25,2000,4.5,0.0,0.0,0.0,0.67,1.11,0.0,1.33,1.11,2.22,0.0,Matches,9bc9a519,DF
669,Moussa Niakhaté,DF,Senegal,30,1996,4.3,0.0,0.0,0.0,0.7,1.4,0.0,0.47,0.93,0.23,0.0,Matches,00242715,DF
381,Ehsan Hajsafi,DF,IR Iran,36,1990,1.0,1.0,0.0,0.0,2.0,1.0,0.0,2.0,1.0,0.0,0.0,Matches,b060e3b8,DF
565,Juan Manuel Sanabria,DF,Uruguay,26,2000,2.3,0.43,0.0,0.0,0.43,0.0,0.43,6.52,0.43,1.74,0.0,Matches,f1d74479,DF
43,Hussein Ali,DF,Iraq,24,2002,1.8,0.0,0.0,0.0,0.56,0.0,0.56,0.56,1.11,1.11,0.0,Matches,b8a919ad,DF
960,Jakhongir Urozov,DF,Uzbekistan,22,2004,1.1,0.0,0.0,0.0,0.0,0.0,0.0,0.0,0.91,0.0,0.0,Matches,71210bed,DF
253,Krépin Diatta,DF,Senegal,27,1999,4.3,0.0,0.0,0.0,0.93,1.4,0.0,2.79,0.7,2.33,0.0,Matches,8104e41e,DF
906,Finn Surman,DF,New Zealand,22,2003,3.0,0.0,0.0,0.0,1.33,0.67,0.0,0.0,1.33,0.33,0.0,Matches,016e419b,DF
928,Arthur Theate,DF,Belgium,26,2000,2.5,0.0,0.0,0.0,0.4,0.0,0.0,0.0,1.2,0.0,0.0,Matches,df8d6029,DF
152,Sultan Al-Brake,DF,Qatar,30,1996,1.6,0.0,0.0,0.0,1.25,0.0,0.0,3.13,1.25,0.63,0.0,Matches,fcaa2400,DF
917,Nicolás Tagliafico,DF,Argentina,33,1992,5.3,0.0,0.0,0.0,1.7,3.02,0.38,0.38,1.13,0.75,0.0,Matches,f0661424,DF
521,Richie Laryea,DF,Canada,31,1995,4.8,0.21,0.0,0.0,1.67,2.92,0.21,0.42,0.42,1.88,0.0,Matches,276fdbe4,DF
620,Aubrey Modiba,DF,South Africa,30,1995,3.8,0.26,0.0,0.0,1.05,1.58,0.53,2.89,1.05,1.32,0.0,Matches,bb1f97f2,DF
925,Shogo Taniguchi,DF,Japan,34,1991,2.6,0.38,0.0,0.0,0.77,0.38,0.0,0.0,0.38,0.0,0.0,Matches,828a9c47,DF
51,Júnior Alonso,DF,Paraguay,33,1993,4.3,0.23,0.0,0.0,0.7,0.7,0.23,0.47,0.93,2.09,0.0,Matches,b18a3023,DF
1027,Denis Zakaria,DF,Switzerland,29,1996,4.0,0.5,0.0,0.0,1.0,0.0,0.25,3.25,2.25,1.25,0.0,Matches,384d58d9,DF
303,Ahmed Fatouh,DF,Egypt,28,1998,3.0,0.33,0.0,0.0,0.67,1.0,0.0,2.67,1.33,1.67,0.0,Matches,de13286d,DF
31,Kristoffer Ajer,DF,Norway,28,1998,5.3,0.19,0.0,0.0,0.38,0.19,0.0,0.19,0.75,1.51,0.0,Matches,a8c0acb7,DF
808,Julian Ryerson,DF,Norway,28,1997,2.5,0.0,0.0,0.0,2.4,0.4,0.0,6.0,0.0,3.2,0.0,Matches,009a4f60,DF
826,Jorge Sánchez,DF,Mexico,28,1997,3.9,0.26,0.0,0.0,1.28,0.26,0.26,1.54,1.28,1.03,0.0,Matches,c8d1c3a5,DF
820,Anass Salah-Eddine,DF,Morocco,24,2002,2.4,0.0,0.0,0.0,1.25,0.83,0.0,1.25,0.0,2.08,0.0,Matches,0d274394,DF
467,Ferdi Kadioglu,DF,Türkiye,26,1999,1.8,0.0,0.0,0.0,0.0,1.67,0.0,2.22,0.56,1.11,0.0,Matches,66c52a77,DF
356,Florian Grillitsch,DFMF,Austria,30,1995,1.0,0.0,0.0,0.0,3.0,1.0,0.0,1.0,0.0,1.0,0.0,Matches,ffbbc83b,DF
408,Jack Hendry,DF,Scotland,31,1995,3.0,0.0,0.0,0.0,0.33,1.0,0.0,0.0,0.0,0.67,0.0,Matches,ffed43e3,DF
651,Phillipp Mwene,DF,Austria,32,1994,1.6,0.0,0.0,0.0,0.63,0.63,0.0,3.75,1.88,0.0,0.0,Matches,2ff76adc,DF
885,Harry Souttar,DF,Australia,27,1998,4.3,0.23,0.0,0.0,1.86,0.23,0.0,0.0,0.93,0.0,0.0,Matches,0a6cb1b1,DF
64,Abdulelah Al-Amri,DF,Saudi Arabia,29,1997,2.7,0.37,0.0,0.0,0.37,0.0,0.0,0.37,1.48,0.74,0.0,Matches,fd0affe3,DF
533,Marcos Llorente,DF,Spain,31,1995,2.1,0.0,0.0,0.0,0.95,0.48,0.0,1.9,0.48,2.86,0.0,Matches,02c15616,DF
994,Tsuyoshi Watanabe,DF,Japan,29,1997,1.0,0.0,0.0,0.0,0.0,1.0,0.0,1.0,0.0,2.0,0.0,Matches,d5f5955a,DF
291,Martin Expérience,DFMF,Haiti,27,1999,3.0,0.0,0.0,0.0,2.33,2.0,0.0,2.0,1.33,2.0,0.0,Matches,9edb83f4,DF
314,Deveron Fonville,DF,Curaçao,23,2003,2.7,0.0,0.0,0.0,0.74,1.11,0.0,0.0,1.85,1.11,0.0,Matches,21932982,DF
977,Gustavo Velásquez,DF,Paraguay,35,1991,2.7,0.0,0.0,0.0,0.74,0.0,0.0,1.11,0.37,0.37,0.0,Matches,b99b4cf5,DF
240,Amar Dedić,DF,Bosnia–Herz,23,2002,3.0,0.33,0.0,0.0,2.0,1.0,0.0,0.0,0.33,2.33,0.0,Matches,bc6e544a,DF
395,Akam Hashim,DF,Iraq,27,1998,3.0,0.0,0.0,0.0,0.0,1.0,0.0,0.0,0.67,0.33,0.0,Matches,f8416e89,DF
709,Willian Pacho,DF,Ecuador,24,2001,4.0,0.0,0.0,0.0,0.75,0.5,0.0,0.0,2.0,0.5,0.0,Matches,ecbe2839,DF
166,Juan Cáceres,DF,Paraguay,26,2000,4.8,0.21,0.0,0.0,1.88,1.25,0.0,2.08,1.04,2.29,0.0,Matches,db887bdf,DF
966,Virgil van Dijk,DF,Netherlands,34,1991,4.3,0.0,0.0,0.0,0.47,0.47,0.0,0.0,0.7,0.23,0.0,Matches,e06683ca,DF
417,Tomáš Holeš,DF,Czechia,33,1993,1.7,0.0,0.0,0.0,1.18,1.18,0.0,0.0,2.35,1.76,0.0,Matches,e03c2d97,DF
907,Josip Šutalo,DF,Croatia,26,2000,4.0,0.0,0.0,0.0,0.5,0.25,0.0,0.0,1.5,1.0,0.0,Matches,33a6a650,DF
699,Joel Ordóñez,DF,Ecuador,22,2004,2.5,0.0,0.0,0.0,0.4,0.4,0.0,0.0,0.4,2.0,0.0,Matches,2990a15c,DF
529,Victor Lindelöf,DFMF,Sweden,31,1994,4.0,0.0,0.0,0.0,0.75,0.0,0.0,0.0,1.0,0.25,0.0,Matches,f5deef4c,DF
489,Boualem Khoukhi,DF,Qatar,35,1990,3.0,0.0,0.0,0.0,0.67,0.33,0.0,0.67,1.0,1.0,0.0,Matches,7be5ad52,DF
703,Ayoub Al-Oui,DF,Qatar,21,2005,1.7,0.0,0.0,0.0,0.59,0.0,0.0,0.0,1.18,0.0,0.0,Matches,010e5bae,DF
317,Alan Franco,DF,Ecuador,27,1998,2.8,0.71,0.0,0.0,2.5,0.0,0.0,1.79,1.43,2.14,0.0,Matches,c76b161b,DF
647,Daniel Muñoz,DF,Colombia,30,1996,4.4,0.0,0.0,0.0,2.05,0.23,0.68,1.82,1.59,0.68,0.0,Matches,778ef829,DF
652,David Møller Wolfe,DF,Norway,24,2002,4.8,0.0,0.0,0.0,1.46,0.42,0.0,1.04,0.63,0.63,0.0,Matches,9affc5f2,DF
799,Cristian Romero,DF,Argentina,28,1998,6.8,0.29,0.0,0.0,1.32,0.44,0.0,0.0,1.62,1.47,0.0,Matches,a3d94a58,DF
547,Deiver Machado,DF,Colombia,32,1993,1.0,0.0,0.0,0.0,1.0,2.0,0.0,1.0,2.0,0.0,0.0,Matches,b3f8bdef,DF
540,Jhon Lucumí,DF,Colombia,27,1998,5.3,0.19,0.0,0.0,0.94,0.0,0.0,0.0,0.94,0.38,0.0,Matches,80490d7f,DF
786,Andy Robertson,DF,Scotland,32,1994,2.5,0.4,0.0,0.0,1.2,0.4,0.0,4.0,0.8,0.4,0.0,Matches,2e4f5f03,DF
968,Guillermo Varela,DF,Uruguay,33,1993,3.0,0.33,0.0,0.0,0.33,0.33,0.0,3.0,2.33,0.33,0.0,Matches,5c961282,DF
576,Lisandro Martínez,DF,Argentina,28,1998,6.9,0.29,0.0,0.0,1.01,0.58,0.0,0.29,0.87,1.01,0.0,Matches,bac46a10,DF
274,Jean-Kevin Duverne,DF,Haiti,28,1997,1.9,0.0,0.0,0.0,1.05,0.53,0.53,0.53,2.11,1.05,0.0,Matches,0cbc8baa,DF
8,Abdulla Abdullaev,DF,Uzbekistan,28,1997,2.0,0.0,0.0,0.0,2.5,0.5,0.0,0.0,1.5,1.0,0.0,Matches,03053fbf,DF
311,Sherel Floranus,DF,Curaçao,27,1998,3.0,0.0,0.0,0.0,0.67,0.0,0.33,0.0,1.33,2.0,0.0,Matches,5ad49fbb,DF
745,Ángelo Preciado,DFMF,Ecuador,28,1998,1.2,0.0,0.0,0.0,0.0,0.83,0.0,5.83,2.5,0.83,0.0,Matches,eadc8e4f,DF
683,Armando Obispo,DF,Curaçao,27,1999,3.0,0.0,0.0,0.0,0.33,0.0,0.33,0.0,2.33,0.33,0.0,Matches,2ffa6348,DF
528,Philipp Lienhart,DF,Austria,29,1996,2.0,0.0,0.0,0.0,0.0,0.0,0.0,0.0,0.5,0.5,0.0,Matches,302527b2,DF
388,Lee Han-beom,DF,Korea Republic,23,2002,3.0,0.0,0.0,0.0,2.33,0.67,0.0,0.67,1.0,0.67,0.0,Matches,071f2dd3,DF
427,Yasser Ibrahim,DF,Egypt,33,1993,5.2,0.38,0.0,0.0,1.15,0.58,0.0,0.0,0.58,1.15,0.0,Matches,0b89ad1b,DF
519,Aymeric Laporte,DF,Spain,32,1994,8.1,0.12,0.0,0.0,0.62,0.49,0.0,0.12,1.73,0.37,0.0,Matches,119b9a8e,DF
628,Nahuel Molina,DF,Argentina,28,1998,5.9,0.0,0.0,0.0,0.51,0.0,0.17,0.85,1.36,0.51,0.0,Matches,23610943,DF
756,Ramy Rabia,DF,Egypt,33,1993,4.1,0.0,0.0,0.0,0.73,0.49,0.0,0.0,0.73,1.22,0.0,Matches,e32afa36,DF
302,Hamdy Fathy,DFMF,Egypt,31,1994,2.6,0.38,0.0,0.0,1.15,0.77,0.38,0.38,0.77,1.15,0.0,Matches,c8ef4955,DF
447,Reece James,DF,England,26,1999,3.5,0.0,0.0,0.0,0.86,0.29,0.0,2.57,0.86,0.86,0.0,Matches,1265a93a,DF
137,Tyler Bindon,DF,New Zealand,21,2005,1.1,0.0,0.0,0.0,1.82,0.91,0.0,1.82,0.91,1.82,0.0,Matches,3575e5eb,DF
851,Nélson Semedo,DFMF,Portugal,32,1993,1.4,0.71,0.0,0.0,1.43,1.43,0.0,2.14,0.0,0.0,0.0,Matches,d04b94db,DF
688,Ime Okon,DF,South Africa,22,2004,4.0,0.0,0.0,0.0,0.25,0.0,0.0,0.0,1.25,0.5,0.0,Matches,3cb58055,DF
822,William Saliba,DF,France,25,2001,5.3,0.0,0.0,0.0,0.75,0.0,0.0,0.0,1.13,0.0,0.0,Matches,972aeb2a,DF
439,Jacob Italiano,DF,Australia,24,2001,1.8,0.56,0.0,0.0,0.0,0.0,0.0,4.44,0.56,1.11,0.0,Matches,2eb0ee9a,DF
472,Hossein Kanaanizadegan,DF,IR Iran,32,1994,1.5,0.67,0.0,0.0,0.67,0.0,0.0,0.0,1.33,0.0,0.0,Matches,24353c25,DF
20,Ricardo Adé,DF,Haiti,36,1990,3.0,0.0,0.0,0.0,2.0,1.33,0.0,0.33,1.67,0.67,0.0,Matches,a9ee5e81,DF
242,Hannes Delcroix,DF,Haiti,27,1999,3.0,0.0,0.0,0.0,0.33,0.67,0.0,0.0,1.33,1.0,0.0,Matches,b737f944,DF
552,Gabriel Magalhães,DF,Brazil,28,1997,5.0,0.0,0.0,0.0,0.2,0.6,0.0,0.6,0.8,0.4,0.0,Matches,67ac5bb8,DF
631,Gonzalo Montiel,DF,Argentina,29,1997,2.1,0.48,0.0,0.0,1.9,0.95,0.0,1.9,1.43,1.43,0.0,Matches,374d5158,DF
646,Mert Müldür,DF,Türkiye,27,1999,1.1,0.0,0.0,0.0,0.91,1.82,0.0,5.45,0.91,1.82,0.0,Matches,1295552e,DF
264,El Hadji Malick Diouf,DF,Senegal,21,2004,1.9,0.0,0.0,0.0,1.05,0.0,0.0,4.21,0.53,0.53,0.0,Matches,bd5eb2e5,DF
586,Noussair Mazraoui,DF,Morocco,28,1997,5.3,0.0,0.0,0.0,0.75,1.13,0.0,0.57,0.38,1.51,0.0,Matches,b74277a0,DF
360,Marc Guéhi,DF,England,25,2000,7.4,0.14,0.0,0.0,0.54,1.76,0.0,0.0,0.81,0.14,0.0,Matches,d0706b27,DF
440,Hiroki Ito,DF,Japan,27,1999,4.0,0.0,0.0,0.0,1.75,0.0,0.0,2.25,0.0,0.5,0.0,Matches,204dded0,DF
879,Wilfried Singo,DF,Côte d'Ivoire,25,2000,1.9,0.0,0.0,0.0,1.58,0.53,0.0,0.53,2.11,0.0,0.0,Matches,8b609c34,DF
626,Johan Mojica,DF,Colombia,33,1992,4.3,0.23,0.0,0.0,0.23,1.63,0.23,2.56,0.7,0.7,0.0,Matches,608f2092,DF
150,Nawaf Boushal,DF,Saudi Arabia,26,1999,1.0,0.0,0.0,0.0,1.0,1.0,0.0,0.0,1.0,0.0,0.0,Matches,7dc1c2c6,DF
33,Nathan Aké,DF,Netherlands,31,1995,1.9,0.0,0.0,0.0,1.05,1.05,0.0,0.53,2.11,0.0,0.0,Matches,eaeca114,DF
156,Nathaniel Brown,DF,Germany,22,2003,3.1,0.0,0.0,0.0,1.29,0.32,0.0,5.48,0.65,1.94,0.0,Matches,abc79c47,DF
129,Ramy Bensebaini,DF,Algeria,31,1995,4.0,0.0,0.0,0.0,0.25,1.25,0.0,0.0,1.75,1.5,0.0,Matches,378825c7,DF
711,Exequiel Palacios,DF,Argentina,27,1998,1.0,0.0,0.0,0.0,1.0,1.0,0.0,0.0,5.0,0.0,0.0,Matches,e82adcab,DF
224,Danilo,DF,Brazil,34,1991,4.5,0.44,0.0,0.0,1.56,0.22,0.22,2.22,1.56,0.44,0.0,Matches,94b2001f,DF
386,Mohamed Amine Ben Hamida,DF,Tunisia,30,1995,2.2,0.0,0.0,0.0,1.36,0.45,0.0,0.45,0.45,4.09,0.0,Matches,2a5e8f82,DF
611,Gideon Mensah,DF,Ghana,27,1998,4.0,0.0,0.0,0.0,0.5,0.75,0.0,0.75,2.0,1.25,0.0,Matches,9bdd8118,DF
734,Wagner Pina,DF,Cabo Verde,23,2002,1.0,1.0,0.0,0.0,1.0,3.0,0.0,2.0,1.0,0.0,0.0,Matches,9bf22b95,DF
176,João Cancelo,DF,Portugal,32,1994,3.5,0.0,0.0,0.0,1.71,0.57,0.29,4.86,1.43,1.14,0.0,Matches,bd6351cd,DF
774,Tim Ream,DF,USA,38,1987,4.0,0.0,0.0,0.0,0.0,0.5,0.0,0.0,1.5,0.25,0.0,Matches,28b40c9c,DF
742,Pedro Porro,DF,Spain,26,1999,6.3,0.0,0.0,0.0,1.59,1.43,0.0,3.81,1.27,1.75,0.0,Matches,27d0a506,DF
512,Maxence Lacroix,DF,France,26,2000,2.7,0.0,0.0,0.0,1.85,0.0,0.37,0.0,1.11,0.74,0.0,Matches,277c49ed,DF
114,Riechedly Bazoer,DF,Curaçao,29,1996,1.0,0.0,0.0,0.0,2.0,0.0,0.0,0.0,1.0,1.0,0.0,Matches,da59a197,DF
979,Micky van de Ven,DFMF,Netherlands,25,2001,2.9,0.34,0.0,0.0,1.72,0.34,0.0,0.69,0.69,1.03,0.0,Matches,8fe2a392,DF
642,Khuliso Mudau,DF,South Africa,31,1995,4.0,0.0,0.0,0.0,1.0,2.5,0.25,0.75,2.75,2.0,0.0,Matches,75388f92,DF
6,Ali Abdi,DF,Tunisia,32,1993,3.0,0.0,0.0,0.0,1.33,0.33,0.0,1.33,1.33,2.67,0.0,Matches,ad7cdb35,DF
805,Antonio Rüdiger,DF,Germany,33,1993,2.9,0.0,0.0,0.0,0.34,0.0,0.0,1.03,0.0,0.0,0.0,Matches,18b896d6,DF
393,Saleh Hardani,DF,IR Iran,27,1998,1.0,0.0,0.0,0.0,0.0,2.0,0.0,1.0,2.0,2.0,0.0,Matches,3a9b682b,DF
731,Pico,DF,Cabo Verde,33,1992,4.3,0.0,0.0,0.0,0.0,0.7,0.0,0.0,1.63,1.16,0.0,Matches,faef0f92,DF
717,Nathan Patterson,DF,Scotland,24,2001,2.1,0.0,0.0,0.0,0.95,0.0,0.0,0.48,1.43,0.95,0.0,Matches,230f0471,DF
391,Mohamed Hany,DF,Egypt,30,1996,5.3,0.0,0.0,0.0,0.38,0.19,0.0,2.83,1.13,1.7,0.38,Matches,9bcf1513,DF
160,Cameron Burgess,DF,Australia,30,1995,1.5,0.0,0.0,0.0,0.0,0.0,0.0,0.0,0.67,0.67,0.67,Matches,da61ca98,DF
259,Lucas Digne,DF,France,32,1993,5.1,0.0,0.0,0.0,1.37,0.39,0.0,2.94,0.39,0.59,0.0,Matches,1b84dbe1,DF
668,Nathan Ngoy,DF,Belgium,23,2003,3.7,0.0,0.27,0.0,1.62,0.27,0.0,0.0,1.89,1.08,0.0,Matches,eb7abf2e,DF
614,Connor Metcalfe,MF,Australia,26,1999,3.5,0.0,0.0,0.0,0.29,0.0,0.0,2.29,0.57,1.43,0.0,Matches,73ce4d7d,MF
778,Gio Reyna,MF,USA,23,2002,1.5,0.0,0.0,0.0,0.67,2.0,0.0,0.67,0.0,0.0,0.0,Matches,7fa4e703,MF
354,Ryan Gravenberch,MF,Netherlands,24,2002,3.8,0.0,0.0,0.0,1.32,0.79,0.0,1.05,1.58,0.26,0.0,Matches,b8e740fb,MF
841,Xaver Schlager,MF,Austria,28,1997,2.6,0.0,0.0,0.0,2.31,0.0,0.0,0.38,2.69,1.15,0.0,Matches,8f056768,MF
193,Rayan Cherki,MF,France,22,2003,1.4,0.0,0.0,0.0,1.43,1.43,0.0,0.71,0.71,0.71,0.0,Matches,b34c63a5,MF
50,Miguel Almirón,MFFW,Paraguay,32,1994,3.1,0.32,0.32,0.0,0.65,2.26,0.0,1.29,0.97,2.26,0.0,Matches,862a1c15,MF
376,Anis Hadj Moussa,MF,Algeria,24,2002,1.1,0.0,0.0,0.0,0.0,1.82,0.0,4.55,0.91,0.0,0.0,Matches,7bc7eef2,MF
767,Nizar Al Rashdan,MF,Jordan,27,1999,2.8,0.0,0.0,0.0,1.79,1.43,0.0,0.0,0.71,1.79,0.0,Matches,feaa0ffd,MF
903,Kamaldeen Sulemana,MFFW,Ghana,24,2002,1.4,0.0,0.0,0.0,1.43,0.71,0.71,2.86,0.71,1.43,0.0,Matches,a62f8bf1,MF
112,Ibrahim Bayesh,MFFW,Iraq,26,2000,2.6,0.0,0.0,0.0,1.15,1.92,0.0,1.54,0.38,1.54,0.0,Matches,2f2003ba,MF
34,Yunus Akgün,MF,Türkiye,25,2000,1.0,1.0,0.0,0.0,2.0,1.0,0.0,2.0,0.0,0.0,0.0,Matches,1453e3cf,MF
323,Jassem Gaber,MF,Qatar,24,2002,1.7,0.59,0.0,0.0,4.12,0.0,0.0,0.0,0.0,1.18,0.0,Matches,af9ef8aa,MF
136,Alexander Bernhardsson,MF,Sweden,27,1998,2.4,0.0,0.0,0.0,0.83,1.67,0.0,1.25,0.83,0.83,0.0,Matches,dea1d183,MF
599,Scott McTominay,MF,Scotland,29,1996,3.0,0.0,0.0,0.0,1.0,0.0,0.0,0.0,0.0,0.67,0.0,Matches,d93c2511,MF
373,Aziz Gʻaniyev,MF,Uzbekistan,28,1998,1.4,0.0,0.0,0.0,1.43,0.71,0.0,4.29,0.0,4.29,0.0,Matches,0c492054,MF
138,César Blackman,MFDF,Panama,28,1998,2.0,0.5,0.0,0.0,1.0,1.0,0.5,0.0,0.5,0.0,0.0,Matches,c2b11050,MF
433,Jackson Irvine,MF,Australia,33,1993,2.5,0.4,0.0,0.0,1.2,1.2,0.0,0.8,0.4,0.4,0.0,Matches,4637747c,MF
659,Dan Ndoye,MFFW,Switzerland,25,2000,4.5,0.0,0.0,0.0,1.11,3.56,0.89,2.44,0.89,1.11,0.0,Matches,8e697a8f,MF
985,Vitinha,MF,Portugal,26,2000,4.2,0.0,0.0,0.0,0.95,1.19,0.0,0.24,0.48,0.0,0.0,Matches,3b029691,MF
952,Leandro Trossard,MFFW,Belgium,31,1994,5.6,0.0,0.0,0.0,0.71,1.43,0.18,1.25,0.71,0.18,0.0,Matches,38ceb24a,MF
530,Erik Lira,MF,Mexico,26,2000,3.8,0.0,0.0,0.0,0.79,1.05,0.0,0.53,0.53,0.79,0.0,Matches,7b2c24ed,MF
905,Ivan Šunjić,MF,Bosnia–Herz,29,1996,2.2,0.0,0.0,0.0,3.18,0.0,0.0,0.45,0.0,1.36,0.0,Matches,e18098de,MF
921,Chemsdine Talbi,MF,Morocco,21,2005,2.0,0.0,0.0,0.0,0.0,0.5,0.0,4.5,1.0,1.0,0.0,Matches,47ce793b,MF
97,Juninho Bacuna,MF,Curaçao,28,1997,2.8,0.71,0.0,0.0,2.14,1.07,0.0,1.79,1.79,1.43,0.0,Matches,aaf1bf05,MF
505,Mateo Kovačić,MF,Croatia,32,1994,3.0,0.0,0.0,0.0,1.0,1.0,0.0,0.0,0.67,1.0,0.0,Matches,79c0821a,MF
972,Ruben Vargas,MF,Switzerland,27,1998,3.2,0.0,0.0,0.0,1.88,1.88,0.63,7.19,0.63,0.63,0.0,Matches,6ecbddf6,MF
871,Kwasi Sibo,MF,Ghana,27,1998,2.8,0.0,0.0,0.0,2.5,0.36,0.0,0.0,0.71,0.0,0.0,Matches,be834ad7,MF
241,Louicius Deedson,MF,Haiti,25,2001,1.2,0.0,0.0,0.0,2.5,0.83,0.83,3.33,0.83,0.0,0.0,Matches,f7059bb1,MF
784,Richard Ríos,MF,Colombia,26,2000,1.6,0.63,0.0,0.0,6.25,2.5,0.0,0.63,0.63,1.25,0.0,Matches,72da065d,MF
349,Anthony Gordon,MF,England,25,2001,4.4,0.0,0.0,0.0,0.91,2.27,0.0,1.82,0.68,0.68,0.0,Matches,2bd83368,MF
484,Abdullah Al-Khaibari,MF,Saudi Arabia,29,1996,2.0,0.0,0.0,0.0,0.0,1.0,0.0,0.0,0.5,0.5,0.0,Matches,ab47ae1c,MF
984,Pedro Vite,MF,Ecuador,24,2002,4.0,0.0,0.0,0.0,0.5,1.25,0.0,1.5,1.25,2.75,0.0,Matches,9c146b36,MF
680,Aiden O'Neill,MF,Australia,27,1998,4.0,0.0,0.0,0.0,0.5,2.0,0.0,2.5,0.5,0.5,0.0,Matches,c7aee75b,MF
133,Sander Berge,MF,Norway,28,1998,5.3,0.0,0.0,0.0,1.13,0.38,0.0,0.19,1.7,0.75,0.0,Matches,d0b6129f,MF
73,Oswin Appollis,MFFW,South Africa,24,2001,2.8,0.0,0.0,0.0,0.36,0.71,0.0,2.86,0.36,1.07,0.0,Matches,e8933eb0,MF
588,Thalente Mbatha,MF,South Africa,26,2000,2.9,0.34,0.0,0.0,1.38,0.0,0.0,1.38,1.72,0.69,0.0,Matches,f6272be9,MF
249,Amad Diallo,MFFW,Côte d'Ivoire,23,2002,2.1,0.0,0.0,0.0,0.0,0.95,0.48,1.9,0.95,1.9,0.0,Matches,9dc96f10,MF
293,Eberechi Eze,MF,England,27,1998,2.3,0.0,0.0,0.0,0.87,1.74,0.43,0.87,0.0,0.0,0.0,Matches,ae4fc6a4,MF
95,Neil El Aynaoui,MF,Morocco,24,2001,6.2,0.0,0.0,0.0,2.42,1.13,0.0,0.0,1.29,1.45,0.0,Matches,17e1261b,MF
179,Josué Casimir,MF,Haiti,24,2001,2.0,0.5,0.0,0.0,2.0,2.0,0.0,1.5,0.0,0.0,0.0,Matches,481f76cf,MF
301,Ahmed Fathy,MF,Qatar,33,1993,1.7,1.18,0.0,0.0,1.18,0.59,0.0,0.0,1.76,1.76,0.0,Matches,f2369793,MF
251,Habib Diarra,MF,Senegal,22,2004,1.6,0.0,0.0,0.0,1.25,1.25,0.0,0.63,0.63,1.25,0.0,Matches,6d0fe035,MF
481,Edo Kayembe,MF,Congo DR,28,1998,1.8,0.0,0.0,0.0,2.78,1.67,0.0,1.11,0.0,0.56,0.0,Matches,f99b71de,MF
366,Arda Güler,MF,Türkiye,21,2005,3.0,0.0,0.0,0.0,1.0,3.33,0.67,4.67,0.67,1.0,0.0,Matches,3741ca58,MF
46,Khojiakbar Alijonov,MF,Uzbekistan,29,1997,1.5,0.0,0.0,0.0,1.33,0.67,0.0,3.33,3.33,1.33,0.0,Matches,e53cbd7a,MF
861,Jacob Shaffelburg,MF,Canada,26,1999,1.0,0.0,0.0,0.0,2.0,1.0,0.0,18.0,2.0,1.0,0.0,Matches,339a2561,MF
965,Federico Valverde,MF,Uruguay,27,1998,2.6,0.0,0.0,0.0,0.38,0.0,0.0,4.23,1.15,0.77,0.0,Matches,0959c2a2,MF
255,Brahim Díaz,MF,Morocco,26,1999,5.1,0.0,0.0,0.0,0.59,1.96,0.0,1.57,0.78,0.39,0.0,Matches,407feb71,MF
1011,Granit Xhaka,MF,Switzerland,33,1992,6.7,0.3,0.0,0.0,0.6,1.79,0.0,0.6,0.6,0.6,0.0,Matches,e61b8aee,MF
790,Rodri,MF,Spain,29,1996,8.0,0.0,0.0,0.0,1.38,1.13,0.13,0.5,0.38,2.5,0.0,Matches,6434f10d,MF
750,Christian Pulisic,MF,USA,27,1998,2.5,0.0,0.0,0.0,0.4,3.2,0.8,1.6,0.0,0.4,0.0,Matches,1bf33a9a,MF
872,Niko Sigur,MF,Canada,22,2003,1.4,0.71,0.0,0.0,3.57,0.71,0.0,3.57,0.0,0.71,0.0,Matches,5c56986b,MF
200,Brian Cipenga,MFFW,Congo DR,28,1998,1.6,0.0,0.0,0.0,1.25,0.63,0.63,5.63,0.0,1.25,0.0,Matches,e4787d6f,MF
268,David Douděra,MF,Czechia,28,1998,1.0,0.0,0.0,0.0,0.0,1.0,0.0,5.0,1.0,0.0,0.0,Matches,e95b4604,MF
809,Elias Saad,MFFW,Tunisia,26,1999,1.3,0.0,0.0,0.0,0.77,2.31,0.77,1.54,0.0,0.77,0.0,Matches,78a2284f,MF
696,Amadou Onana,MF,Belgium,24,2001,1.2,0.0,0.0,0.0,0.83,2.5,0.0,0.0,1.67,1.67,0.0,Matches,828657ff,MF
853,Antoine Semenyo,MFFW,Ghana,26,2000,4.0,0.0,0.0,0.0,1.5,1.0,1.0,1.25,0.0,0.5,0.0,Matches,efd2ec23,MF
334,Ismaël Gharbi,MF,Tunisia,22,2004,1.4,0.0,0.0,0.0,0.0,1.43,0.0,0.71,0.71,0.71,0.0,Matches,5b3cfa12,MF
1028,Jaroslav Zelený,MF,Czechia,33,1992,1.4,0.0,0.0,0.0,0.0,1.43,0.0,2.86,0.0,0.0,0.0,Matches,bc647827,MF
663,Pedro Neto,MF,Portugal,26,2000,3.9,0.0,0.0,0.0,1.03,1.03,0.0,3.33,0.0,0.51,0.0,Matches,7ba2eaa9,MF
627,Teboho Mokoena,MF,South Africa,29,1997,3.0,0.67,0.0,0.0,1.0,2.0,0.0,1.67,1.67,1.0,0.0,Matches,00029b1e,MF
463,Elijah Just,MF,New Zealand,26,2000,2.9,0.34,0.0,0.0,1.03,0.69,0.0,0.69,0.69,1.03,0.0,Matches,0c295d6e,MF
693,Dani Olmo,MF,Spain,28,1998,5.5,0.0,0.0,0.0,1.09,1.82,0.0,0.18,0.18,0.91,0.0,Matches,ae44e8e2,MF
674,Ernest Nuamah,MF,Ghana,22,2003,1.0,0.0,0.0,0.0,2.0,2.0,0.0,1.0,0.0,1.0,0.0,Matches,234a703c,MF
246,Sergiño Dest,MF,USA,25,2000,3.3,0.0,0.0,0.0,0.61,1.21,0.0,0.91,1.52,0.3,0.0,Matches,5976f83e,MF
603,Hannibal Mejbri,MF,Tunisia,23,2003,3.0,0.0,0.0,0.0,1.33,5.0,0.0,3.33,0.33,1.33,0.0,Matches,ca22ccb0,MF
185,Fares Chaïbi,MF,Algeria,23,2002,4.0,0.25,0.0,0.0,0.75,0.5,0.25,1.5,0.75,1.25,0.0,Matches,357103bd,MF
304,Abbosbek Fayzullayev,MF,Uzbekistan,22,2003,2.4,0.0,0.0,0.0,2.5,1.67,0.0,4.17,0.42,2.5,0.0,Matches,ef1d36a1,MF
39,Kerim Alajbegović,MF,Bosnia–Herz,18,2007,3.1,0.0,0.0,0.0,1.29,1.94,0.32,4.84,0.65,0.0,0.0,Matches,f3d9291e,MF
604,Amar Memić,MF,Bosnia–Herz,25,2001,2.5,0.0,0.0,0.0,1.6,1.2,0.0,2.0,0.8,0.8,0.0,Matches,918c187c,MF
107,Bradley Barcola,MF,France,23,2002,4.3,0.23,0.0,0.0,1.16,0.23,0.23,0.7,0.23,0.93,0.0,Matches,a0d55a09,MF
89,Fredrik Aursnes,MFDF,Norway,30,1995,3.4,0.0,0.0,0.0,1.47,0.88,0.0,1.47,0.29,2.35,0.0,Matches,f0677ed7,MF
880,Sphephelo Sithole,MF,South Africa,27,1999,2.5,0.0,0.4,0.0,2.0,0.4,0.0,0.0,2.0,2.0,0.0,Matches,33bcd4b3,MF
178,Casemiro,MF,Brazil,34,1992,4.2,0.48,0.0,0.0,1.43,1.43,0.0,1.19,1.43,1.19,0.0,Matches,4d224fe8,MF
828,Leroy Sané,MF,Germany,30,1996,3.6,0.0,0.0,0.0,0.83,0.56,0.28,2.78,0.56,0.83,0.0,Matches,2b114be3,MF
363,Pape Gueye,MF,Senegal,27,1999,2.6,0.38,0.0,0.0,1.54,0.77,0.0,1.15,1.54,0.38,0.0,Matches,7155e3e1,MF
987,Cristian Volpato,MF,Australia,22,2003,1.8,0.0,0.0,0.0,0.56,1.11,0.0,6.11,0.0,0.56,0.0,Matches,72f87f25,MF
967,Hans Vanaken,MF,Belgium,33,1992,3.5,0.0,0.0,0.0,0.0,1.71,0.0,0.57,0.29,0.29,0.0,Matches,392a7aea,MF
678,Benjamin Nygren,MF,Sweden,24,2001,1.4,0.0,0.0,0.0,2.14,0.0,0.0,3.57,0.0,0.0,0.0,Matches,d6ebf67f,MF
551,Daizen Maeda,MF,Japan,28,1997,2.7,0.0,0.0,0.0,0.74,0.37,0.37,1.11,0.74,1.11,0.0,Matches,395451fc,MF
573,Cristian Martínez,MFFW,Panama,29,1997,2.7,0.0,0.0,0.0,1.85,1.85,0.37,4.44,0.37,1.48,0.0,Matches,fdb15495,MF
830,Kaishū Sano,MF,Japan,25,2000,3.0,0.33,0.0,0.0,1.33,0.33,0.0,0.33,1.33,0.67,0.0,Matches,7a7a6361,MF
271,Deroy Duarte,MF,Cabo Verde,26,1999,2.9,0.0,0.0,0.0,1.38,0.34,0.0,0.34,2.07,1.72,0.0,Matches,6af8fc5b,MF
212,Vladimír Coufal,MFDF,Czechia,33,1992,3.0,0.0,0.0,0.0,1.33,1.0,0.33,6.67,0.67,0.33,0.0,Matches,fdf3cb77,MF
362,Idrissa Gueye,MF,Senegal,36,1989,4.0,0.0,0.0,0.0,0.5,0.5,0.0,0.25,0.5,1.0,0.0,Matches,72c812f3,MF
585,Ibrahim Maza,MFFW,Algeria,20,2005,3.9,0.0,0.0,0.0,0.26,1.28,0.0,0.26,0.0,0.51,0.0,Matches,89b3bc5e,MF
859,Paik Seung-ho,MF,Korea Republic,29,1997,2.3,0.43,0.0,0.0,0.43,0.87,0.0,0.43,0.43,0.0,0.0,Matches,1e1bea09,MF
81,Jhon Arias,MF,Colombia,28,1997,4.2,0.24,0.0,0.0,1.19,0.48,0.0,1.19,0.48,2.14,0.0,Matches,86d96066,MF
494,Orkun Kökçü,MF,Türkiye,25,2000,1.7,0.0,0.0,0.0,1.18,2.35,0.0,3.53,0.0,0.59,0.0,Matches,9bf914b4,MF
262,Yan Diomandé,MFFW,Côte d'Ivoire,19,2006,3.7,0.0,0.0,0.0,0.54,1.89,0.0,3.78,1.08,1.62,0.0,Matches,919f5f54,MF
498,Ismaël Koné,MF,Canada,23,2002,1.6,0.0,0.0,0.0,0.63,1.88,0.0,1.88,1.88,1.25,0.0,Matches,e0220b70,MF
431,Zidane Iqbal,MF,Iraq,23,2003,2.1,0.0,0.0,0.0,0.48,0.95,0.0,0.95,0.48,0.95,0.0,Matches,6fa3c28e,MF
239,Rodrigo De Paul,MF,Argentina,32,1994,5.5,0.18,0.0,0.0,0.36,0.91,0.18,2.55,1.09,0.73,0.0,Matches,162efffd,MF
69,Nilson Angulo,MF,Ecuador,22,2003,2.4,0.0,0.0,0.0,1.67,1.25,0.0,2.08,0.83,0.42,0.0,Matches,a9b9d89c,MF
52,Barış Alper Yılmaz,MFFW,Türkiye,26,2000,2.0,0.0,0.0,0.0,2.0,0.5,1.0,7.5,0.0,0.0,0.0,Matches,414b2ce4,MF
571,Gabriel Martinelli,MF,Brazil,24,2001,1.6,0.0,0.0,0.0,2.5,1.88,0.0,1.25,1.25,0.0,0.0,Matches,48a5a5d6,MF
546,Alexis Mac Allister,MF,Argentina,27,1998,8.3,0.12,0.0,0.0,1.08,1.45,0.0,0.24,1.08,1.45,0.0,Matches,83d074ff,MF
308,Enzo Fernández,MF,Argentina,25,2001,7.3,0.27,0.14,0.14,1.64,0.82,0.14,0.68,0.82,0.96,0.0,Matches,5ff4ab71,MF
231,Nasser Al-Dawsari,MF,Saudi Arabia,27,1998,2.3,0.43,0.0,0.0,3.04,0.87,0.0,0.43,1.74,1.74,0.0,Matches,7709e4a6,MF
781,Declan Rice,MF,England,27,1999,6.2,0.32,0.0,0.0,0.65,0.0,0.16,7.1,0.81,0.48,0.0,Matches,1c7012b8,MF
123,Jude Bellingham,MF,England,22,2003,6.8,0.15,0.0,0.0,1.32,2.5,0.15,1.18,0.44,1.47,0.0,Matches,57d88cf9,MF
72,Houssem Aouar,MF,Algeria,27,1998,1.9,0.0,0.0,0.0,0.53,1.05,0.0,0.0,0.0,0.53,0.0,Matches,a5db0bec,MF
437,Zaid Ismail,MF,Iraq,24,2002,1.3,0.0,0.0,0.0,1.54,0.0,0.0,0.0,0.77,3.08,0.0,Matches,c65effaa,MF
1005,Florian Wirtz,MF,Germany,23,2003,4.0,0.0,0.0,0.0,0.25,0.75,0.25,3.25,0.5,1.5,0.0,Matches,e7fcf289,MF
924,Ao Tanaka,MF,Japan,27,1998,2.1,0.0,0.0,0.0,2.86,0.95,0.0,0.0,0.48,2.86,0.0,Matches,1d36d6b6,MF
217,Andrés Cubas,MF,Paraguay,30,1996,5.3,0.19,0.0,0.0,2.64,0.57,0.0,0.0,2.08,2.45,0.0,Matches,9b40a6ea,MF
348,Nicolás González,MF,Argentina,28,1998,2.9,0.0,0.0,0.0,1.38,1.03,0.69,2.07,0.34,1.03,0.0,Matches,2374aaca,MF
232,Salem Al-Dawsari,MF,Saudi Arabia,34,1991,2.7,0.37,0.0,0.0,1.11,1.48,0.37,1.11,0.37,0.37,0.0,Matches,60ee859c,MF
109,Ivan Bašić,MF,Bosnia–Herz,24,2002,2.0,0.0,0.0,0.0,1.0,1.5,0.0,6.0,1.5,0.5,0.0,Matches,9b0a0d51,MF
612,Mikel Merino,MF,Spain,29,1996,2.2,0.0,0.0,0.0,2.73,3.64,0.0,0.45,1.36,0.91,0.0,Matches,d080ed5e,MF
543,Dodi Lukebakio,MF,Belgium,28,1997,1.8,0.0,0.0,0.0,0.56,1.11,0.0,3.33,0.0,0.56,0.0,Matches,0c61c77c,MF
783,Fabian Rieder,MFFW,Switzerland,24,2002,3.4,0.0,0.0,0.0,0.88,1.76,0.0,3.82,0.29,0.88,0.0,Matches,c2bd8585,MF
1018,Kenan Yıldız,MF,Türkiye,21,2005,2.4,0.0,0.0,0.0,0.83,1.67,0.0,2.5,0.42,0.83,0.0,Matches,d8cda243,MF
79,Carlens Arcus,MFDF,Haiti,29,1996,1.6,0.63,0.0,0.0,3.13,1.88,1.25,1.25,1.88,1.88,0.0,Matches,5e837126,MF
629,Jamiro Monteiro,MF,Cabo Verde,32,1993,3.1,0.0,0.0,0.0,1.29,0.65,0.0,2.26,1.29,1.29,0.0,Matches,d384bddd,MF
307,Bruno Fernandes,MF,Portugal,31,1994,4.7,0.0,0.0,0.0,0.43,1.7,0.21,4.68,0.0,1.06,0.0,Matches,507c7bdf,MF
625,Mohammad Mohebi,MF,IR Iran,27,1998,2.7,0.0,0.0,0.0,0.37,0.37,0.0,0.37,0.37,0.37,0.0,Matches,7b6b53c3,MF
522,Mohanad Lasheen,MF,Egypt,30,1996,4.0,0.5,0.0,0.0,1.25,0.75,0.0,0.25,2.0,2.75,0.0,Matches,8c041c7d,MF
278,Anthony Elanga,MFFW,Sweden,24,2002,2.4,0.0,0.0,0.0,0.0,2.92,0.42,5.0,0.83,0.0,0.0,Matches,2fba6108,MF
869,Otabek Shukurov,MF,Uzbekistan,29,1996,2.6,0.0,0.0,0.0,0.77,1.92,0.0,0.38,0.0,0.77,0.0,Matches,62032a56,MF
1001,Iñaki Williams,MFFW,Ghana,31,1994,1.4,0.71,0.0,0.0,1.43,0.71,0.71,2.86,0.71,0.0,0.0,Matches,6a99e0b1,MF
706,Elisha Owusu,MF,Ghana,28,1997,1.7,0.0,0.0,0.0,1.18,0.0,0.0,1.76,0.0,1.76,0.0,Matches,e2781082,MF
993,Paul Wanner,MF,Austria,20,2005,2.6,0.0,0.0,0.0,1.54,0.77,0.0,0.38,0.77,0.38,0.0,Matches,cb64672e,MF
592,Nathanaël Mbuku,MFFW,Congo DR,24,2002,1.6,0.63,0.0,0.0,2.5,5.0,0.0,8.75,0.0,1.88,0.0,Matches,46750e9c,MF
800,Luis Romo,MF,Mexico,31,1995,2.9,0.0,0.0,0.0,0.34,1.03,0.0,0.34,1.38,1.38,0.0,Matches,e590bb10,MF
715,Marco Pašalić,MF,Croatia,25,2000,1.1,0.0,0.0,0.0,0.0,1.82,1.82,10.0,0.91,1.82,0.0,Matches,1866b0f1,MF
172,Lamine Camara,MF,Senegal,22,2004,2.8,0.36,0.0,0.0,1.79,1.07,0.0,2.5,0.71,0.36,0.0,Matches,19c2ffa4,MF
633,Gilberto Mora,MF,Mexico,17,2008,2.4,0.0,0.0,0.0,1.25,1.25,0.0,1.67,0.83,0.83,0.0,Matches,69c9ffe8,MF
1024,İsmail Yüksek,MF,Türkiye,27,1999,1.5,0.0,0.0,0.0,1.33,0.0,0.0,0.0,1.33,3.33,0.0,Matches,6c5af908,MF
714,Thomas Partey,MF,Ghana,33,1993,3.0,0.0,0.0,0.0,0.67,1.67,0.0,0.0,2.0,1.33,0.0,Matches,529f49ab,MF
452,Danley Jean-Jacques,MF,Haiti,26,2000,2.9,0.34,0.0,0.0,1.72,1.03,0.0,0.34,1.03,2.07,0.0,Matches,59fcbd6d,MF
125,Anis Ben Slimane,MFFW,Tunisia,25,2001,2.7,0.0,0.0,0.0,0.0,0.0,0.74,2.22,0.74,0.74,0.0,Matches,9ade9ce1,MF
815,Michal Sadílek,MF,Czechia,27,1999,2.0,0.0,0.0,0.0,0.0,1.5,0.0,6.0,1.0,1.0,0.0,Matches,7c9fa389,MF
596,Weston McKennie,MF,USA,27,1998,4.9,0.2,0.0,0.0,1.63,0.41,0.0,2.24,1.43,1.43,0.0,Matches,01c3aff5,MF
486,Dostonbek Khamdamov,MF,Uzbekistan,29,1996,1.1,0.0,0.0,0.0,0.91,0.0,0.91,4.55,1.82,3.64,0.0,Matches,d2dd2ffb,MF
358,Gabriel Gudmundsson,MFDF,Sweden,27,1999,3.7,0.27,0.0,0.0,1.35,1.89,0.0,1.08,1.35,0.81,0.0,Matches,d5d22a58,MF
594,John McGinn,MF,Scotland,31,1994,2.9,0.0,0.0,0.0,0.69,3.79,0.0,3.45,0.0,0.0,0.0,Matches,90f91999,MF
369,Brian Gutiérrez,MF,Mexico,22,2003,2.2,0.45,0.0,0.0,2.27,1.36,0.0,2.27,0.91,0.45,0.0,Matches,d88f31db,MF
957,Manuel Ugarte,MF,Uruguay,25,2001,2.0,0.0,0.0,0.0,0.5,0.0,0.0,0.0,1.5,0.5,0.0,Matches,c9817014,MF
927,Aurélien Tchouaméni,MF,France,26,2000,4.0,0.25,0.0,0.0,1.0,0.75,0.0,0.5,1.5,3.5,0.0,Matches,4f255115,MF
577,Thapelo Maseko,MFFW,South Africa,22,2003,2.7,0.0,0.0,0.0,1.48,3.7,0.0,0.74,0.74,0.37,0.0,Matches,498d45f7,MF
616,Liam Millar,MF,Canada,26,1999,1.8,0.56,0.0,0.0,1.67,0.56,0.0,5.56,0.0,2.22,0.0,Matches,983515f8,MF
622,Relebohile Mofokeng,MF,South Africa,21,2004,1.9,0.0,0.0,0.0,1.58,1.05,0.0,1.05,0.0,1.05,0.0,Matches,25c3fb97,MF
19,Tyler Adams,MF,USA,27,1999,3.8,0.26,0.0,0.0,1.32,1.58,0.0,0.0,2.11,1.32,0.0,Matches,2b09d998,MF
364,Bruno Guimarães,MF,Brazil,28,1997,4.6,0.0,0.0,0.0,0.87,1.52,0.0,3.48,0.43,1.3,0.0,Matches,82518f62,MF
514,Konrad Laimer,MFDF,Austria,29,1997,4.0,0.25,0.0,0.0,1.5,0.75,0.75,1.0,0.5,1.5,0.0,Matches,c1b7847c,MF
621,Luka Modrić,MF,Croatia,40,1985,3.5,0.29,0.0,0.0,1.14,0.86,0.0,3.14,0.0,0.86,0.0,Matches,6025fab1,MF
394,Carlos Harvey,MF,Panama,26,2000,3.0,0.33,0.0,0.0,2.67,1.0,0.0,0.0,0.0,1.0,0.0,Matches,3f18600c,MF
727,Ivan Perišić,MFDF,Croatia,37,1989,4.0,0.5,0.0,0.0,1.0,0.25,0.0,5.0,1.0,1.0,0.0,Matches,6fe90922,MF
886,Djibril Sow,MF,Switzerland,29,1997,2.8,0.0,0.0,0.0,1.79,1.43,0.0,1.07,0.71,0.36,0.0,Matches,4c6facae,MF
